{
  "0": {
    "precision": 0.8985736925515055,
    "recall": 0.9434276206322796,
    "f1-score": 0.9204545454545454,
    "support": 601.0
  },
  "1": {
    "precision": 0.8661417322834646,
    "recall": 0.7746478873239436,
    "f1-score": 0.8178438661710037,
    "support": 284.0
  },
  "accuracy": 0.8892655367231639,
  "macro avg": {
    "precision": 0.8823577124174851,
    "recall": 0.8590377539781116,
    "f1-score": 0.8691492058127746,
    "support": 885.0
  },
  "weighted avg": {
    "precision": 0.8881661482395015,
    "recall": 0.8892655367231639,
    "f1-score": 0.8875263726675106,
    "support": 885.0
  }
}