{
  "0": {
    "precision": 0.8068181818181818,
    "recall": 0.75,
    "f1-score": 0.7773722627737226,
    "support": 284.0
  },
  "1": {
    "precision": 0.5384615384615384,
    "recall": 0.48427672955974843,
    "f1-score": 0.5099337748344371,
    "support": 159.0
  },
  "2": {
    "precision": 0.8263598326359832,
    "recall": 0.8936651583710408,
    "f1-score": 0.8586956521739131,
    "support": 442.0
  },
  "accuracy": 0.7740112994350282,
  "macro avg": {
    "precision": 0.7238798509719011,
    "recall": 0.7093139626435964,
    "f1-score": 0.7153338965940242,
    "support": 885.0
  },
  "weighted avg": {
    "precision": 0.768364739295879,
    "recall": 0.7740112994350282,
    "f1-score": 0.769939741341562,
    "support": 885.0
  }
}